{
    "1": {
        "name": "Regular Realizable",
        "G_mean": 0.01410156251215188,
        "G_std": 0.010542543371963581,
        "ISCV_mean": 0.01628319360448063,
        "ISCV_std": 0.010138901575708216,
        "AIC_mean": 0.016184041260344645,
        "AIC_std": 0.010081484516311323,
        "DIC_mean": 0.016091417518322628,
        "DIC_std": 0.010208598286049973,
        "WAIC_mean": 0.01627493261177583,
        "WAIC_std": 0.010137775389790413
    },
    "2": {
        "name": "Regular Unrealizable",
        "G_mean": 0.05481297706707198,
        "G_std": 0.01269516926326928,
        "ISCV_mean": 0.05433575562013166,
        "ISCV_std": 0.027562242663841923,
        "AIC_mean": 0.057978781137709184,
        "AIC_std": 0.028299840317212947,
        "DIC_mean": 0.05775449056959629,
        "DIC_std": 0.028315662096549486,
        "WAIC_mean": 0.054329923774179306,
        "WAIC_std": 0.027562829811816143
    },
    "3": {
        "name": "Nonreg. Realizable",
        "G_mean": 0.008064931910001228,
        "G_std": 0.00981247262093299,
        "ISCV_mean": 0.006322615738691992,
        "ISCV_std": 0.01016841541145758,
        "AIC_mean": 0.019831463079351158,
        "AIC_std": 0.013592714020115245,
        "DIC_mean": -0.01632551875068098,
        "DIC_std": 0.03473935752891114,
        "WAIC_mean": 0.006320729291319354,
        "WAIC_std": 0.010135396822124172
    },
    "4": {
        "name": "Nonreg. Unrealizable",
        "G_mean": 0.05329227699577423,
        "G_std": 0.006376502286168794,
        "ISCV_mean": 0.053820206976893895,
        "ISCV_std": 0.025154548109320083,
        "AIC_mean": 0.07222098305571963,
        "AIC_std": 0.025379324420831545,
        "DIC_mean": 0.0376362668226403,
        "DIC_std": 0.04676095726895928,
        "WAIC_mean": 0.05381959414586093,
        "WAIC_std": 0.02515536892351541
    },
    "5": {
        "name": "Delicate",
        "G_mean": 0.00787588835510723,
        "G_std": 0.007497930789315491,
        "ISCV_mean": 0.009045090406442738,
        "ISCV_std": 0.008907718028345567,
        "AIC_mean": 0.019003340519068383,
        "AIC_std": 0.008668403092586704,
        "DIC_mean": -0.022328506992024818,
        "DIC_std": 0.04055407703082462,
        "WAIC_mean": 0.009096510641140764,
        "WAIC_std": 0.008933947324051983
    },
    "6": {
        "name": "Unbalanced",
        "G_mean": 0.019368186250698076,
        "G_std": 0.01227553079432261,
        "ISCV_mean": 0.006793819929713127,
        "ISCV_std": 0.014252813505008266,
        "AIC_mean": 0.012182573284441094,
        "AIC_std": 0.012369476217887048,
        "DIC_mean": -0.03169979719027885,
        "DIC_std": 0.08730846872009555,
        "WAIC_mean": 0.006714281116138385,
        "WAIC_std": 0.014343012568555009
    }
}